id,Activity
8085,WALKING_UPSTAIRS
8345,WALKING
9694,WALKING
8999,WALKING_DOWNSTAIRS
9235,STANDING
7516,STANDING
8552,WALKING_UPSTAIRS
7741,WALKING
7639,WALKING_UPSTAIRS
10212,WALKING
9714,WALKING_DOWNSTAIRS
9242,SITTING
10256,WALKING_DOWNSTAIRS
7431,LAYING
7701,SITTING
8486,WALKING
9257,SITTING
9380,WALKING_UPSTAIRS
9802,SITTING
9690,WALKING
8341,WALKING
7709,LAYING
9924,STANDING
9712,WALKING_DOWNSTAIRS
10216,WALKING
8411,STANDING
8900,STANDING
8859,WALKING_UPSTAIRS
9954,SITTING
7669,STANDING
7964,WALKING_UPSTAIRS
7525,STANDING
8628,LAYING
9621,SITTING
8612,LAYING
9601,STANDING
7845,STANDING
8714,WALKING_UPSTAIRS
8097,WALKING_UPSTAIRS
8872,WALKING_UPSTAIRS
9215,STANDING
8682,WALKING_DOWNSTAIRS
8246,WALKING_UPSTAIRS
8701,WALKING_UPSTAIRS
7587,WALKING
8533,WALKING_UPSTAIRS
8956,LAYING
8696,WALKING_UPSTAIRS
7703,SITTING
9161,WALKING_DOWNSTAIRS
8000,SITTING
9793,SITTING
7543,SITTING
7611,WALKING_DOWNSTAIRS
9717,WALKING_DOWNSTAIRS
7857,SITTING
9359,WALKING_DOWNSTAIRS
10092,WALKING_UPSTAIRS
8481,LAYING
8990,WALKING
8273,STANDING
9431,SITTING
8967,WALKING
9977,SITTING
8318,LAYING
9189,WALKING_UPSTAIRS
10266,WALKING_UPSTAIRS
8119,STANDING
9664,LAYING
9395,STANDING
9246,SITTING
9840,LAYING
9982,SITTING
8555,STANDING
10191,LAYING
8633,LAYING
7977,STANDING
9179,WALKING_UPSTAIRS
9548,WALKING_UPSTAIRS
7968,WALKING_UPSTAIRS
10189,LAYING
8461,LAYING
9573,STANDING
9241,SITTING
7762,WALKING
7780,WALKING_DOWNSTAIRS
10246,WALKING_DOWNSTAIRS
8918,SITTING
8037,LAYING
8985,WALKING
10067,WALKING_DOWNSTAIRS
10297,WALKING_UPSTAIRS
8501,WALKING
8490,WALKING
9708,WALKING_DOWNSTAIRS
9354,WALKING_DOWNSTAIRS
7385,SITTING
7628,WALKING_DOWNSTAIRS
9506,WALKING
7892,LAYING
8922,SITTING
8060,WALKING
9629,SITTING
7495,WALKING_UPSTAIRS
8435,STANDING
9713,WALKING_DOWNSTAIRS
8153,SITTING
8073,WALKING_DOWNSTAIRS
8193,WALKING
9925,STANDING
9677,WALKING
7626,WALKING_DOWNSTAIRS
7984,STANDING
9569,STANDING
9115,LAYING
7706,SITTING
7586,WALKING
8066,WALKING
10005,LAYING
9715,WALKING_DOWNSTAIRS
9926,STANDING
9581,STANDING
10289,WALKING_DOWNSTAIRS
7902,WALKING
7691,SITTING
7524,STANDING
8984,WALKING
8996,WALKING_DOWNSTAIRS
8717,STANDING
7661,STANDING
7676,STANDING
8151,SITTING
8941,LAYING
8538,WALKING_UPSTAIRS
9584,STANDING
9726,WALKING_UPSTAIRS
8807,WALKING
9807,SITTING
9929,STANDING
8380,WALKING_DOWNSTAIRS
8604,STANDING
7736,LAYING
8208,WALKING
7707,LAYING
9038,WALKING_UPSTAIRS
9640,LAYING
7886,LAYING
9438,STANDING
9177,WALKING_UPSTAIRS
8149,STANDING
9016,WALKING_UPSTAIRS
8828,WALKING_DOWNSTAIRS
8101,WALKING_DOWNSTAIRS
8446,SITTING
8755,SITTING
9611,SITTING
7879,LAYING
7605,WALKING
8363,WALKING
7772,WALKING_DOWNSTAIRS
8394,WALKING_UPSTAIRS
8284,SITTING
7627,WALKING_DOWNSTAIRS
9598,STANDING
7957,WALKING_UPSTAIRS
8504,WALKING
8494,WALKING
9593,STANDING
10013,LAYING
7804,WALKING_UPSTAIRS
9254,SITTING
8750,SITTING
10268,WALKING_UPSTAIRS
7638,WALKING_UPSTAIRS
10042,WALKING
8234,WALKING_UPSTAIRS
8362,WALKING
8800,LAYING
9385,WALKING_UPSTAIRS
9763,STANDING
8751,SITTING
9141,WALKING
7729,LAYING
9618,SITTING
8511,WALKING_DOWNSTAIRS
9423,SITTING
8832,WALKING_DOWNSTAIRS
9956,SITTING
8146,STANDING
9974,SITTING
7687,SITTING
9095,SITTING
8418,STANDING
8576,STANDING
8930,LAYING
9172,WALKING_DOWNSTAIRS
8656,WALKING
8128,SITTING
9032,WALKING_UPSTAIRS
9580,STANDING
9789,SITTING
7906,WALKING
7459,WALKING
10218,WALKING
7914,WALKING
7758,WALKING
9390,STANDING
8699,WALKING_UPSTAIRS
9399,STANDING
7796,WALKING_UPSTAIRS
7988,STANDING
7674,STANDING
7749,WALKING
9348,WALKING_UPSTAIRS
9074,STANDING
7621,WALKING_DOWNSTAIRS
9334,WALKING_DOWNSTAIRS
9351,WALKING_UPSTAIRS
8121,STANDING
9340,WALKING_DOWNSTAIRS
8539,WALKING_UPSTAIRS
10101,WALKING_UPSTAIRS
7837,STANDING
7855,SITTING
7693,SITTING
7742,WALKING
8010,SITTING
10255,WALKING_DOWNSTAIRS
9360,WALKING_UPSTAIRS
10138,STANDING
9409,STANDING
9963,SITTING
8431,STANDING
10110,STANDING
8625,LAYING
9274,LAYING
10040,WALKING
10273,WALKING_UPSTAIRS
9646,LAYING
9549,WALKING_UPSTAIRS
7532,STANDING
9138,WALKING
9419,STANDING
8036,LAYING
8790,LAYING
10114,STANDING
8262,STANDING
9325,WALKING
9869,WALKING_UPSTAIRS
9992,LAYING
9650,LAYING
9464,LAYING
8850,WALKING_UPSTAIRS
10208,LAYING
7803,WALKING_UPSTAIRS
8746,STANDING
10128,STANDING
7907,WALKING
9430,SITTING
9015,WALKING_UPSTAIRS
9112,LAYING
10283,WALKING_DOWNSTAIRS
7517,STANDING
7952,WALKING_UPSTAIRS
9904,WALKING_UPSTAIRS
8986,WALKING
8436,STANDING
10111,STANDING
8858,WALKING_UPSTAIRS
8025,LAYING
9075,STANDING
8862,WALKING_UPSTAIRS
8441,STANDING
8827,WALKING
8687,WALKING_DOWNSTAIRS
9503,WALKING
8982,WALKING
9600,STANDING
8966,WALKING
9427,SITTING
8223,WALKING_DOWNSTAIRS
8076,WALKING_UPSTAIRS
8919,SITTING
8434,STANDING
9186,WALKING_UPSTAIRS
9441,SITTING
8303,SITTING
9192,WALKING_UPSTAIRS
8227,WALKING_DOWNSTAIRS
8385,WALKING_UPSTAIRS
7633,WALKING_UPSTAIRS
9482,WALKING
8640,WALKING
9034,WALKING_UPSTAIRS
9488,WALKING
8249,WALKING_UPSTAIRS
8786,LAYING
8278,STANDING
8255,WALKING_DOWNSTAIRS
9193,WALKING_UPSTAIRS
7721,LAYING
8498,WALKING
10081,WALKING_UPSTAIRS
9410,STANDING
7918,WALKING
8799,LAYING
7366,STANDING
8970,WALKING
9628,STANDING
10047,WALKING
8839,WALKING_DOWNSTAIRS
8957,LAYING
7441,WALKING
9106,LAYING
7895,LAYING
8553,WALKING_UPSTAIRS
9250,SITTING
9647,LAYING
9284,LAYING
7570,LAYING
8561,STANDING
9590,STANDING
8969,WALKING
8663,WALKING_DOWNSTAIRS
8230,WALKING_UPSTAIRS
8116,SITTING
9738,WALKING_UPSTAIRS
8131,STANDING
9434,SITTING
9651,LAYING
8433,STANDING
7949,WALKING_UPSTAIRS
9984,SITTING
8289,SITTING
9832,LAYING
9958,SITTING
8485,WALKING
8812,WALKING
8452,STANDING
8720,STANDING
7911,WALKING
10220,WALKING
7637,WALKING_UPSTAIRS
9479,LAYING
7474,WALKING_DOWNSTAIRS
8748,STANDING
9758,STANDING
9208,STANDING
8194,WALKING
8352,WALKING
10231,WALKING
9124,LAYING
8837,WALKING_DOWNSTAIRS
9918,WALKING
10049,WALKING
7818,WALKING_UPSTAIRS
10263,WALKING_UPSTAIRS
8287,SITTING
8224,WALKING_DOWNSTAIRS
7850,SITTING
7889,LAYING
8476,LAYING
8047,WALKING
10275,WALKING_UPSTAIRS
8174,LAYING
8645,WALKING
9143,WALKING
10252,WALKING_DOWNSTAIRS
9937,STANDING
9786,SITTING
8928,LAYING
9381,WALKING_UPSTAIRS
7663,STANDING
9845,LAYING
8598,SITTING
8159,SITTING
10041,WALKING
9659,LAYING
10176,LAYING
9624,SITTING
9862,WALKING
10096,WALKING_UPSTAIRS
9344,WALKING_UPSTAIRS
10155,SITTING
8997,WALKING
7809,WALKING_UPSTAIRS
9730,WALKING_UPSTAIRS
7854,SITTING
9058,STANDING
8502,WALKING
7589,WALKING
8020,LAYING
10139,STANDING
7535,SITTING
9465,LAYING
8417,STANDING
7549,SITTING
8826,WALKING
7388,SITTING
7578,LAYING
8143,SITTING
7871,SITTING
8565,STANDING
8218,WALKING_DOWNSTAIRS
10164,SITTING
10145,SITTING
7720,LAYING
8488,WALKING
8266,STANDING
8907,SITTING
9768,STANDING
7953,WALKING_UPSTAIRS
8954,LAYING
10056,WALKING_DOWNSTAIRS
7452,WALKING
9876,WALKING_DOWNSTAIRS
8777,LAYING
8803,LAYING
8409,STANDING
7991,STANDING
8528,WALKING_DOWNSTAIRS
8865,WALKING_UPSTAIRS
7545,SITTING
8818,WALKING
7695,SITTING
8634,LAYING
8055,WALKING
9547,WALKING_UPSTAIRS
8971,WALKING
9824,LAYING
8322,LAYING
7568,LAYING
7948,WALKING_UPSTAIRS
7619,WALKING_DOWNSTAIRS
9387,WALKING_UPSTAIRS
9546,WALKING_UPSTAIRS
7967,WALKING_UPSTAIRS
9999,LAYING
10132,STANDING
8462,LAYING
9829,LAYING
9021,WALKING_UPSTAIRS
10094,WALKING_UPSTAIRS
7640,WALKING_UPSTAIRS
9605,SITTING
9406,STANDING
9046,STANDING
8408,SITTING
8396,WALKING_UPSTAIRS
7794,WALKING_UPSTAIRS
8950,LAYING
9567,STANDING
9245,SITTING
9212,STANDING
9852,WALKING
8271,STANDING
8226,WALKING_DOWNSTAIRS
8264,STANDING
7381,STANDING
10237,WALKING
7846,STANDING
10159,SITTING
9839,LAYING
8838,WALKING_DOWNSTAIRS
9475,LAYING
10107,STANDING
8601,SITTING
8893,STANDING
7596,WALKING
8215,WALKING
9453,LAYING
8557,STANDING
9301,LAYING
9293,LAYING
7416,LAYING
9412,STANDING
8521,WALKING_DOWNSTAIRS
7704,SITTING
8550,WALKING_UPSTAIRS
9439,SITTING
9701,WALKING_DOWNSTAIRS
10173,SITTING
8235,WALKING_UPSTAIRS
7488,WALKING_UPSTAIRS
10193,LAYING
8563,STANDING
7812,WALKING_UPSTAIRS
9933,STANDING
8343,WALKING
9654,LAYING
10010,LAYING
9578,STANDING
9903,WALKING_UPSTAIRS
8393,WALKING_UPSTAIRS
8165,LAYING
10095,WALKING_UPSTAIRS
9631,SITTING
7430,LAYING
7768,WALKING_DOWNSTAIRS
8939,LAYING
8611,LAYING
8068,WALKING
9005,WALKING_DOWNSTAIRS
9532,WALKING_UPSTAIRS
9454,LAYING
10286,WALKING_DOWNSTAIRS
7593,WALKING
9022,WALKING_UPSTAIRS
7764,WALKING
9450,LAYING
10057,WALKING_DOWNSTAIRS
9264,SITTING
7950,WALKING_UPSTAIRS
8679,WALKING_DOWNSTAIRS
7563,LAYING
10227,WALKING
9813,LAYING
7645,WALKING_UPSTAIRS
9288,LAYING
9592,STANDING
9509,WALKING_DOWNSTAIRS
8006,SITTING
9309,WALKING
9855,WALKING
8347,WALKING
9962,SITTING
10025,WALKING
9418,STANDING
7489,WALKING_UPSTAIRS
8840,WALKING_DOWNSTAIRS
8834,WALKING_DOWNSTAIRS
9776,STANDING
9000,WALKING_DOWNSTAIRS
10188,LAYING
8469,LAYING
8350,WALKING
7414,LAYING
7913,WALKING
9953,SITTING
10045,WALKING
8175,LAYING
9638,SITTING
7666,SITTING
8201,WALKING
10288,WALKING_DOWNSTAIRS
8216,WALKING_DOWNSTAIRS
8467,LAYING
8667,WALKING_DOWNSTAIRS
9240,STANDING
9928,STANDING
9107,LAYING
9026,WALKING_UPSTAIRS
9269,SITTING
10129,STANDING
8172,LAYING
8523,WALKING_DOWNSTAIRS
8556,STANDING
8384,WALKING_UPSTAIRS
8005,SITTING
8454,SITTING
8655,WALKING
10177,LAYING
8327,LAYING
8647,WALKING
8500,WALKING
7842,STANDING
9267,SITTING
9333,WALKING_UPSTAIRS
8364,WALKING
8402,WALKING_UPSTAIRS
10126,STANDING
8083,WALKING_UPSTAIRS
7360,STANDING
9397,STANDING
10144,SITTING
7673,STANDING
8046,WALKING
9886,WALKING_UPSTAIRS
8804,LAYING
7599,WALKING
10053,WALKING_DOWNSTAIRS
8926,LAYING
7928,WALKING_DOWNSTAIRS
7357,STANDING
7561,LAYING
8127,SITTING
10043,WALKING
7648,WALKING_UPSTAIRS
7862,SITTING
9023,WALKING_UPSTAIRS
8238,WALKING_UPSTAIRS
8372,WALKING_DOWNSTAIRS
9892,WALKING_DOWNSTAIRS
8142,SITTING
10143,SITTING
9085,SITTING
9846,LAYING
8935,LAYING
9655,LAYING
9558,WALKING_DOWNSTAIRS
8590,SITTING
7745,WALKING
7671,STANDING
9917,WALKING_UPSTAIRS
9909,WALKING_UPSTAIRS
8608,SITTING
8432,STANDING
9778,STANDING
10079,WALKING_UPSTAIRS
9320,WALKING
9496,WALKING
8163,SITTING
7436,WALKING
10243,WALKING_DOWNSTAIRS
7507,WALKING_UPSTAIRS
8430,STANDING
8074,WALKING_DOWNSTAIRS
8662,WALKING
8369,WALKING_DOWNSTAIRS
8744,STANDING
10068,WALKING_DOWNSTAIRS
10090,WALKING_UPSTAIRS
8620,LAYING
8030,LAYING
9747,STANDING
7994,SITTING
8589,SITTING
8626,LAYING
7675,STANDING
7811,WALKING_UPSTAIRS
7644,WALKING_UPSTAIRS
8107,WALKING_DOWNSTAIRS
9820,LAYING
9940,STANDING
7746,WALKING
10250,WALKING_DOWNSTAIRS
7973,SITTING
9059,STANDING
8844,WALKING_DOWNSTAIRS
9653,LAYING
8114,WALKING_UPSTAIRS
9588,STANDING
8545,WALKING_UPSTAIRS
8041,LAYING
9087,SITTING
9861,WALKING_UPSTAIRS
7603,WALKING
8499,WALKING
10022,WALKING
8732,STANDING
9860,WALKING_UPSTAIRS
10036,WALKING
9790,SITTING
9936,STANDING
8367,WALKING_DOWNSTAIRS
9871,WALKING_DOWNSTAIRS
9223,STANDING
7539,SITTING
7685,SITTING
9551,WALKING_UPSTAIRS
7461,WALKING
9374,WALKING_DOWNSTAIRS
9396,STANDING
8164,LAYING
9392,STANDING
8642,WALKING
8095,WALKING_UPSTAIRS
9500,WALKING
8340,WALKING
9949,STANDING
9969,SITTING
7373,STANDING
9487,WALKING
8279,STANDING
8057,WALKING
8187,LAYING
7798,WALKING_UPSTAIRS
8365,WALKING_DOWNSTAIRS
9927,STANDING
8722,STANDING
9133,WALKING
9391,STANDING
9952,SITTING
10105,WALKING_UPSTAIRS
8317,LAYING
7440,WALKING
9017,WALKING_UPSTAIRS
9898,WALKING_UPSTAIRS
7702,SITTING
8412,STANDING
8644,WALKING
8703,WALKING_UPSTAIRS
7792,WALKING_UPSTAIRS
10167,SITTING
9202,STANDING
8715,STANDING
9643,LAYING
7642,WALKING_UPSTAIRS
9128,LAYING
9136,WALKING
8875,STANDING
10016,LAYING
7699,SITTING
7731,LAYING
10083,WALKING_UPSTAIRS
9914,WALKING_UPSTAIRS
8842,WALKING_DOWNSTAIRS
7944,WALKING_DOWNSTAIRS
10066,WALKING_DOWNSTAIRS
9157,WALKING_DOWNSTAIRS
8846,WALKING_DOWNSTAIRS
8050,WALKING
7775,WALKING_DOWNSTAIRS
8321,LAYING
9771,STANDING
8293,SITTING
7411,LAYING
8189,LAYING
7356,STANDING
10239,WALKING
7882,LAYING
7713,LAYING
7389,SITTING
10214,WALKING
10258,WALKING_DOWNSTAIRS
9518,WALKING_UPSTAIRS
7961,WALKING_UPSTAIRS
8802,LAYING
7458,WALKING
8300,SITTING
10133,STANDING
7396,STANDING
9901,WALKING_UPSTAIRS
9472,LAYING
8356,WALKING
9736,WALKING_UPSTAIRS
8631,LAYING
7591,WALKING
10262,WALKING_UPSTAIRS
7439,WALKING
9705,WALKING_DOWNSTAIRS
8118,SITTING
9864,WALKING
8883,STANDING
10055,WALKING_DOWNSTAIRS
9661,LAYING
9220,STANDING
8632,LAYING
9915,WALKING_UPSTAIRS
7371,STANDING
9077,SITTING
9296,LAYING
7790,WALKING_DOWNSTAIRS
9856,WALKING_UPSTAIRS
8387,WALKING_UPSTAIRS
8247,WALKING_UPSTAIRS
8980,WALKING
8162,SITTING
8759,SITTING
8333,LAYING
7457,WALKING
7359,STANDING
9056,STANDING
8383,WALKING_DOWNSTAIRS
9105,LAYING
9278,LAYING
9019,WALKING_UPSTAIRS
7831,STANDING
9349,WALKING_UPSTAIRS
7602,WALKING
8886,STANDING
7643,WALKING_UPSTAIRS
9902,WALKING_UPSTAIRS
9018,WALKING_UPSTAIRS
9850,WALKING_UPSTAIRS
10125,STANDING
8782,LAYING
9737,WALKING_UPSTAIRS
9750,STANDING
9671,WALKING
7564,LAYING
9533,WALKING_UPSTAIRS
10027,WALKING
9476,LAYING
10149,SITTING
8962,WALKING
8961,WALKING
8459,LAYING
9523,WALKING_UPSTAIRS
8466,LAYING
9181,WALKING_UPSTAIRS
8789,LAYING
8621,LAYING
7698,SITTING
7880,LAYING
7733,LAYING
10131,STANDING
7874,LAYING
9765,STANDING
8772,LAYING
8546,WALKING
7718,LAYING
7655,STANDING
7491,WALKING_UPSTAIRS
9704,WALKING_DOWNSTAIRS
7853,SITTING
10147,SITTING
10093,WALKING_UPSTAIRS
8684,WALKING_DOWNSTAIRS
7898,WALKING
8914,SITTING
8428,SITTING
8077,WALKING_UPSTAIRS
7658,STANDING
7683,SITTING
8697,WALKING_UPSTAIRS
9550,WALKING_UPSTAIRS
8275,STANDING
8825,WALKING
9799,SITTING
7449,WALKING
9513,WALKING_DOWNSTAIRS
9553,WALKING_UPSTAIRS
8668,WALKING_DOWNSTAIRS
8641,WALKING
9302,LAYING
10284,WALKING_DOWNSTAIRS
9480,LAYING
9260,SITTING
9049,STANDING
9795,SITTING
7523,STANDING
8460,LAYING
8210,WALKING
9501,WALKING
7894,LAYING
8443,STANDING
8276,STANDING
9794,SITTING
8267,STANDING
7521,STANDING
7496,WALKING_UPSTAIRS
8609,LAYING
10072,WALKING_DOWNSTAIRS
7966,WALKING_UPSTAIRS
9444,SITTING
8998,WALKING_DOWNSTAIRS
9467,LAYING
8296,SITTING
8492,WALKING
9554,WALKING_UPSTAIRS
9835,LAYING
8702,WALKING_UPSTAIRS
7767,WALKING
8013,SITTING
9226,STANDING
8250,WALKING_UPSTAIRS
8536,WALKING_UPSTAIRS
8457,SITTING
9703,WALKING_DOWNSTAIRS
9097,SITTING
8472,LAYING
8458,LAYING
10071,WALKING_DOWNSTAIRS
8614,LAYING
10156,SITTING
8540,WALKING
10140,STANDING
8152,SITTING
7583,WALKING
9944,STANDING
8316,LAYING
8573,STANDING
8098,WALKING_UPSTAIRS
10026,WALKING
9163,WALKING_DOWNSTAIRS
9754,STANDING
8378,WALKING_DOWNSTAIRS
10086,WALKING_UPSTAIRS
7688,SITTING
8958,WALKING
8968,WALKING
8600,SITTING
9746,STANDING
9732,WALKING_UPSTAIRS
8079,WALKING_UPSTAIRS
7538,SITTING
7483,WALKING_DOWNSTAIRS
8390,WALKING_UPSTAIRS
7594,WALKING
7735,LAYING
9089,SITTING
8094,WALKING
8150,STANDING
7503,WALKING_UPSTAIRS
9998,LAYING
9366,WALKING_UPSTAIRS
8680,WALKING_DOWNSTAIRS
8291,SITTING
7402,SITTING
7931,WALKING_DOWNSTAIRS
9572,STANDING
9787,SITTING
8562,STANDING
9290,LAYING
10238,WALKING
7614,WALKING_DOWNSTAIRS
9970,SITTING
9702,WALKING_DOWNSTAIRS
9857,WALKING
8981,WALKING
7397,SITTING
8358,WALKING
9720,WALKING_UPSTAIRS
8351,WALKING
7363,STANDING
8815,WALKING
9781,STANDING
8952,LAYING
9699,WALKING_DOWNSTAIRS
9185,WALKING_UPSTAIRS
9229,STANDING
9433,SITTING
7890,LAYING
8035,LAYING
8974,WALKING
8182,LAYING
7751,WALKING
9828,LAYING
9943,STANDING
8388,WALKING_UPSTAIRS
7662,STANDING
10018,LAYING
9527,WALKING_UPSTAIRS
8100,WALKING_DOWNSTAIRS
8448,SITTING
9040,WALKING_UPSTAIRS
7876,LAYING
9623,SITTING
7965,WALKING_UPSTAIRS
9252,SITTING
9635,SITTING
9976,SITTING
8257,WALKING_DOWNSTAIRS
10282,WALKING_DOWNSTAIRS
7460,WALKING
9689,WALKING
9619,SITTING
7406,SITTING
9682,WALKING
8871,WALKING_UPSTAIRS
7930,WALKING_DOWNSTAIRS
9499,WALKING
10008,LAYING
9268,SITTING
7423,LAYING
9375,WALKING_DOWNSTAIRS
8261,STANDING
7610,WALKING_DOWNSTAIRS
10112,STANDING
9216,STANDING
9722,WALKING_UPSTAIRS
7791,WALKING_UPSTAIRS
10151,SITTING
9589,STANDING
7548,SITTING
9686,WALKING
8585,SITTING
9129,LAYING
7969,WALKING_UPSTAIRS
8450,STANDING
9491,WALKING
9197,WALKING_UPSTAIRS
10031,WALKING
8811,WALKING
9083,SITTING
9961,SITTING
9882,WALKING_DOWNSTAIRS
8899,STANDING
8471,LAYING
7542,SITTING
8809,WALKING
10032,WALKING
8571,STANDING
9545,WALKING_UPSTAIRS
8374,WALKING_DOWNSTAIRS
9574,STANDING
7494,WALKING_UPSTAIRS
9893,WALKING_DOWNSTAIRS
8665,WALKING_DOWNSTAIRS
8896,STANDING
8231,WALKING_UPSTAIRS
9907,WALKING_UPSTAIRS
8401,WALKING_UPSTAIRS
9376,WALKING_DOWNSTAIRS
7590,WALKING
8902,SITTING
8348,WALKING
8491,WALKING
8241,WALKING_UPSTAIRS
9030,WALKING_UPSTAIRS
9613,SITTING
9003,WALKING_DOWNSTAIRS
7976,SITTING
8315,LAYING
10028,WALKING
8065,WALKING
9372,WALKING_DOWNSTAIRS
7446,WALKING
8558,STANDING
9691,WALKING
9001,WALKING_DOWNSTAIRS
8743,STANDING
9160,WALKING_DOWNSTAIRS
8503,WALKING
8029,LAYING
7665,STANDING
9231,STANDING
8022,LAYING
8398,WALKING_UPSTAIRS
10210,LAYING
7433,WALKING
10245,WALKING_DOWNSTAIRS
8439,STANDING
9498,WALKING
10154,SITTING
8774,LAYING
7983,STANDING
8307,LAYING
9816,LAYING
7787,WALKING_DOWNSTAIRS
9684,WALKING
8314,LAYING
8221,WALKING_DOWNSTAIRS
7926,WALKING_DOWNSTAIRS
9331,WALKING
7551,SITTING
8683,WALKING_DOWNSTAIRS
8058,WALKING
7480,WALKING_DOWNSTAIRS
10213,WALKING
9236,STANDING
8169,LAYING
8937,LAYING
7821,STANDING
8081,WALKING_UPSTAIRS
9833,LAYING
7571,LAYING
9259,SITTING
7754,WALKING
9279,LAYING
9819,LAYING
9082,SITTING
7730,LAYING
8375,WALKING_DOWNSTAIRS
8410,STANDING
10276,WALKING_UPSTAIRS
9615,SITTING
8721,STANDING
9552,WALKING_UPSTAIRS
9517,WALKING_DOWNSTAIRS
9218,STANDING
9459,LAYING
7785,WALKING_DOWNSTAIRS
10226,WALKING
9336,WALKING_DOWNSTAIRS
7923,WALKING
9997,LAYING
8824,WALKING
7450,WALKING
7717,LAYING
9460,LAYING
9449,LAYING
10069,WALKING_DOWNSTAIRS
10033,WALKING
8795,LAYING
9620,SITTING
10168,SITTING
7370,STANDING
8024,LAYING
8292,SITTING
8583,SITTING
8781,LAYING
9788,SITTING
7945,WALKING_DOWNSTAIRS
7428,LAYING
9145,WALKING
7420,LAYING
8495,WALKING
9422,SITTING
7519,STANDING
8429,SITTING
9528,WALKING_UPSTAIRS
7755,WALKING
8207,WALKING
10038,WALKING
9586,STANDING
9008,WALKING_DOWNSTAIRS
9402,STANDING
8122,STANDING
7550,SITTING
8281,STANDING
9437,SITTING
9230,STANDING
8833,WALKING_DOWNSTAIRS
9154,WALKING
7788,WALKING_DOWNSTAIRS
8519,WALKING_DOWNSTAIRS
8897,STANDING
7378,STANDING
9436,SITTING
8137,STANDING
7424,LAYING
9027,WALKING_UPSTAIRS
8104,WALKING_DOWNSTAIRS
9716,WALKING_DOWNSTAIRS
9923,STANDING
8582,SITTING
8444,STANDING
8309,LAYING
8855,WALKING_UPSTAIRS
10116,STANDING
8676,WALKING_DOWNSTAIRS
7437,WALKING
9415,STANDING
7555,SITTING
8978,WALKING
7954,WALKING_UPSTAIRS
9761,STANDING
8977,WALKING
7817,WALKING_UPSTAIRS
7601,WALKING
7425,LAYING
10020,LAYING
10179,LAYING
7903,WALKING
7784,WALKING_DOWNSTAIRS
7501,WALKING_UPSTAIRS
9536,WALKING_UPSTAIRS
9990,LAYING
7387,SITTING
9660,LAYING
8830,WALKING_DOWNSTAIRS
9610,SITTING
8323,LAYING
8440,STANDING
8357,WALKING
7552,SITTING
9377,WALKING_DOWNSTAIRS
9188,WALKING_UPSTAIRS
8813,WALKING
7394,SITTING
10029,WALKING
10063,WALKING_DOWNSTAIRS
10228,WALKING
7475,WALKING_DOWNSTAIRS
7711,LAYING
8964,WALKING
7863,SITTING
10174,SITTING
9945,STANDING
8133,STANDING
9502,WALKING
9101,LAYING
7920,WALKING
8299,SITTING
9447,SITTING
9285,LAYING
9718,WALKING_DOWNSTAIRS
7444,WALKING
8932,LAYING
7712,LAYING
9485,WALKING
9543,WALKING_UPSTAIRS
8334,LAYING
9980,SITTING
8615,LAYING
7608,WALKING
9194,WALKING_UPSTAIRS
7585,WALKING
8881,STANDING
9885,WALKING_DOWNSTAIRS
10058,WALKING_DOWNSTAIRS
8654,WALKING
9319,WALKING
8688,WALKING_UPSTAIRS
10182,LAYING
8532,WALKING
7732,LAYING
8442,STANDING
8021,LAYING
9169,WALKING_DOWNSTAIRS
8301,SITTING
7925,WALKING
7851,SITTING
7940,WALKING_DOWNSTAIRS
9896,WALKING_UPSTAIRS
8537,WALKING_UPSTAIRS
9249,SITTING
9369,WALKING_UPSTAIRS
10039,WALKING
9587,STANDING
9373,WALKING_UPSTAIRS
9576,STANDING
7866,SITTING
8306,SITTING
8489,WALKING
7777,WALKING_DOWNSTAIRS
8619,LAYING
10277,WALKING_UPSTAIRS
7979,STANDING
9622,SITTING
8203,WALKING
9224,STANDING
9211,STANDING
9265,SITTING
10186,LAYING
10197,LAYING
8270,STANDING
9248,SITTING
7453,WALKING
7757,WALKING
9119,LAYING
9064,STANDING
9663,LAYING
9146,WALKING
9025,WALKING_UPSTAIRS
7769,WALKING_DOWNSTAIRS
9448,SITTING
7410,LAYING
10070,WALKING_DOWNSTAIRS
7815,WALKING_UPSTAIRS
8319,LAYING
8976,WALKING
8199,WALKING
8705,WALKING_UPSTAIRS
7955,WALKING_UPSTAIRS
9526,WALKING_DOWNSTAIRS
7383,STANDING
9642,LAYING
9557,WALKING_DOWNSTAIRS
7656,STANDING
8285,SITTING
8422,STANDING
9812,LAYING
9378,WALKING_DOWNSTAIRS
8059,WALKING
9594,STANDING
9767,STANDING
8229,WALKING_DOWNSTAIRS
7362,STANDING
8944,LAYING
7910,WALKING
9183,WALKING_UPSTAIRS
9013,WALKING_DOWNSTAIRS
7607,WALKING
9195,WALKING_UPSTAIRS
10290,WALKING_UPSTAIRS
7689,SITTING
7442,WALKING
9346,WALKING_UPSTAIRS
9868,WALKING
8437,STANDING
9614,SITTING
7793,WALKING_UPSTAIRS
9289,LAYING
9744,WALKING_UPSTAIRS
9645,LAYING
7870,SITTING
9514,WALKING_DOWNSTAIRS
8841,WALKING_DOWNSTAIRS
10229,WALKING
7400,SITTING
10048,WALKING
9900,WALKING_UPSTAIRS
8038,LAYING
8955,LAYING
9452,LAYING
9908,WALKING_UPSTAIRS
8346,WALKING
9282,LAYING
9108,LAYING
8070,WALKING_DOWNSTAIRS
9225,STANDING
9489,WALKING
7819,SITTING
9492,WALKING
7617,WALKING_DOWNSTAIRS
9632,SITTING
8983,WALKING
9814,LAYING
9806,SITTING
7407,SITTING
8045,WALKING
7995,SITTING
9979,SITTING
9667,LAYING
7544,SITTING
7355,STANDING
10287,WALKING_DOWNSTAIRS
9308,WALKING
8708,WALKING_UPSTAIRS
10121,STANDING
7448,WALKING
7996,SITTING
9719,WALKING_UPSTAIRS
7781,WALKING_DOWNSTAIRS
8666,WALKING_DOWNSTAIRS
7464,WALKING_DOWNSTAIRS
9734,WALKING_UPSTAIRS
9065,STANDING
7576,LAYING
8923,SITTING
9297,LAYING
10294,WALKING_UPSTAIRS
8946,LAYING
9458,LAYING
9985,SITTING
8525,WALKING_DOWNSTAIRS
7623,WALKING_DOWNSTAIRS
9088,SITTING
9510,WALKING_DOWNSTAIRS
9262,SITTING
9330,WALKING
9355,WALKING
8756,STANDING
8752,SITTING
9256,SITTING
9993,LAYING
9120,LAYING
9935,STANDING
7487,WALKING_UPSTAIRS
7875,LAYING
9634,SITTING
7451,WALKING
9854,WALKING
7415,LAYING
8509,WALKING
9889,WALKING_DOWNSTAIRS
7500,WALKING_UPSTAIRS
9153,WALKING
7541,SITTING
8943,LAYING
7942,WALKING_DOWNSTAIRS
7492,WALKING_UPSTAIRS
7909,WALKING
9227,STANDING
7463,WALKING_DOWNSTAIRS
8508,WALKING
8195,WALKING
9421,STANDING
9147,WALKING
8927,LAYING
8183,LAYING
7959,WALKING_UPSTAIRS
10207,LAYING
9096,SITTING
7618,WALKING_DOWNSTAIRS
9042,WALKING_UPSTAIRS
7379,STANDING
9932,STANDING
9474,LAYING
9070,STANDING
9818,LAYING
9941,STANDING
8709,WALKING_UPSTAIRS
9142,WALKING
8474,LAYING
9144,WALKING
7739,WALKING
9047,STANDING
8386,WALKING_UPSTAIRS
9721,WALKING_UPSTAIRS
8487,WALKING
10215,WALKING
8700,WALKING_UPSTAIRS
7493,WALKING_UPSTAIRS
9539,WALKING_UPSTAIRS
7770,WALKING_DOWNSTAIRS
10271,WALKING_UPSTAIRS
9644,LAYING
9207,STANDING
8477,LAYING
8669,WALKING_DOWNSTAIRS
9417,STANDING
7668,STANDING
8753,SITTING
7878,LAYING
9674,WALKING
9416,STANDING
7511,STANDING
8882,STANDING
7531,STANDING
9823,LAYING
9139,WALKING
9198,WALKING_UPSTAIRS
8424,SITTING
8330,LAYING
7904,WALKING
9206,STANDING
9810,LAYING
7536,SITTING
9457,LAYING
9338,WALKING_DOWNSTAIRS
9363,WALKING_UPSTAIRS
7998,SITTING
9368,WALKING_UPSTAIRS
7822,SITTING
9384,WALKING_UPSTAIRS
8877,STANDING
7634,WALKING_UPSTAIRS
8253,WALKING_DOWNSTAIRS
10230,WALKING
8232,WALKING_UPSTAIRS
7432,WALKING
7393,SITTING
10175,SITTING
8924,SITTING
9405,STANDING
9291,LAYING
8887,STANDING
7756,WALKING
9656,LAYING
7595,WALKING
9579,STANDING
8618,LAYING
8718,STANDING
9930,STANDING
7606,WALKING
8413,STANDING
9055,STANDING
7456,WALKING
9243,SITTING
8965,WALKING
8895,STANDING
10097,WALKING_UPSTAIRS
9100,SITTING
8938,LAYING
10080,WALKING_UPSTAIRS
8310,LAYING
7377,STANDING
7485,WALKING_DOWNSTAIRS
7478,WALKING_DOWNSTAIRS
10153,SITTING
10162,SITTING
7565,LAYING
8391,WALKING_UPSTAIRS
8219,WALKING_DOWNSTAIRS
8951,LAYING
7877,LAYING
8023,LAYING
7905,WALKING
9841,LAYING
8033,LAYING
7939,WALKING_DOWNSTAIRS
8836,WALKING_DOWNSTAIRS
8027,LAYING
8517,WALKING_DOWNSTAIRS
7975,SITTING
9669,LAYING
10221,WALKING
8691,WALKING_UPSTAIRS
9135,WALKING
8876,STANDING
9978,SITTING
8052,WALKING
9239,STANDING
8879,STANDING
10087,WALKING_UPSTAIRS
9076,SITTING
7836,STANDING
8168,LAYING
8088,WALKING_DOWNSTAIRS
9530,WALKING_UPSTAIRS
7657,STANDING
7469,WALKING_DOWNSTAIRS
9155,WALKING
9383,WALKING_UPSTAIRS
8581,SITTING
8067,WALKING
8051,WALKING
8493,WALKING
8377,WALKING_DOWNSTAIRS
9698,WALKING_DOWNSTAIRS
9899,WALKING_UPSTAIRS
7395,STANDING
9753,STANDING
8188,LAYING
9024,WALKING_UPSTAIRS
8591,SITTING
9878,WALKING_DOWNSTAIRS
9563,WALKING_DOWNSTAIRS
9209,STANDING
9326,WALKING
7566,LAYING
10103,WALKING_UPSTAIRS
7506,WALKING_UPSTAIRS
9858,WALKING
7759,WALKING
7682,STANDING
9408,STANDING
7659,STANDING
7620,WALKING_DOWNSTAIRS
9002,WALKING_DOWNSTAIRS
7579,LAYING
10198,LAYING
7597,WALKING
8217,WALKING_DOWNSTAIRS
8817,WALKING
8808,WALKING
8082,WALKING_UPSTAIRS
8649,WALKING
9602,STANDING
9398,STANDING
9253,SITTING
7651,WALKING_UPSTAIRS
8496,WALKING
8675,WALKING_DOWNSTAIRS
8200,WALKING
8305,SITTING
9280,LAYING
7374,STANDING
8870,WALKING_UPSTAIRS
8252,WALKING_UPSTAIRS
9098,SITTING
8090,WALKING_DOWNSTAIRS
10196,LAYING
10199,LAYING
9371,WALKING_DOWNSTAIRS
9780,SITTING
8692,WALKING_UPSTAIRS
9875,WALKING_DOWNSTAIRS
9983,SITTING
9542,WALKING_UPSTAIRS
8544,WALKING_UPSTAIRS
8704,WALKING_UPSTAIRS
8766,SITTING
9270,SITTING
9394,STANDING
9866,WALKING
8579,STANDING
9044,WALKING_UPSTAIRS
9205,STANDING
7783,WALKING_DOWNSTAIRS
10075,WALKING_DOWNSTAIRS
8478,LAYING
10295,WALKING_UPSTAIRS
7873,LAYING
9825,LAYING
7938,WALKING_DOWNSTAIRS
8515,WALKING_DOWNSTAIRS
7856,SITTING
9831,LAYING
9367,WALKING_UPSTAIRS
9897,WALKING_UPSTAIRS
7864,STANDING
7825,STANDING
7708,LAYING
7960,WALKING_UPSTAIRS
10241,WALKING
9805,SITTING
9822,LAYING
8783,LAYING
7509,WALKING_UPSTAIRS
9468,LAYING
10242,WALKING_DOWNSTAIRS
8624,LAYING
7789,WALKING_DOWNSTAIRS
9140,WALKING
7510,WALKING_UPSTAIRS
8040,LAYING
7827,STANDING
9511,WALKING_DOWNSTAIRS
8909,SITTING
8154,SITTING
9529,WALKING_UPSTAIRS
8543,WALKING_UPSTAIRS
9445,SITTING
8726,STANDING
8181,LAYING
7624,WALKING_DOWNSTAIRS
8112,WALKING_UPSTAIRS
7382,STANDING
9934,STANDING
9238,STANDING
9770,STANDING
10249,WALKING_DOWNSTAIRS
8438,STANDING
8026,LAYING
7943,WALKING_DOWNSTAIRS
10120,STANDING
9951,STANDING
9872,WALKING_DOWNSTAIRS
9625,SITTING
9938,STANDING
9538,WALKING_UPSTAIRS
9700,WALKING_DOWNSTAIRS
9792,STANDING
9335,WALKING_DOWNSTAIRS
8042,LAYING
9370,WALKING_UPSTAIRS
7622,WALKING_DOWNSTAIRS
9007,WALKING_DOWNSTAIRS
8857,WALKING_UPSTAIRS
10077,WALKING_UPSTAIRS
9693,WALKING
7445,WALKING
10088,WALKING_UPSTAIRS
9078,SITTING
9507,WALKING
8747,STANDING
7473,WALKING_DOWNSTAIRS
9859,WALKING
8678,WALKING_DOWNSTAIRS
8399,WALKING_UPSTAIRS
8566,STANDING
9010,WALKING_DOWNSTAIRS
8099,WALKING_UPSTAIRS
10202,LAYING
9292,LAYING
8445,SITTING
9565,STANDING
8785,LAYING
9116,LAYING
9950,STANDING
8629,LAYING
9440,SITTING
9911,WALKING_UPSTAIRS
10003,LAYING
7677,STANDING
8254,WALKING_DOWNSTAIRS
7649,WALKING_UPSTAIRS
10253,WALKING_DOWNSTAIRS
8915,SITTING
9443,SITTING
10106,STANDING
8888,STANDING
10130,STANDING
8125,STANDING
7584,WALKING
9303,WALKING
8905,SITTING
9658,LAYING
9094,SITTING
7364,STANDING
7664,STANDING
10160,SITTING
9785,SITTING
7982,STANDING
10223,WALKING
10035,WALKING
8381,WALKING_DOWNSTAIRS
7635,WALKING_UPSTAIRS
7835,STANDING
7795,WALKING_UPSTAIRS
8463,LAYING
9149,WALKING
9187,WALKING_UPSTAIRS
10142,SITTING
7582,WALKING
8784,LAYING
9048,STANDING
7409,LAYING
9232,STANDING
8863,WALKING_UPSTAIRS
9060,STANDING
9414,STANDING
8017,SITTING
10278,WALKING_UPSTAIRS
9706,WALKING_DOWNSTAIRS
9607,SITTING
7844,SITTING
10222,WALKING
10115,STANDING
9851,WALKING
8464,LAYING
8623,LAYING
7800,WALKING_UPSTAIRS
8801,LAYING
9470,LAYING
7924,WALKING
8913,SITTING
9834,LAYING
9118,LAYING
8637,WALKING
9709,WALKING_DOWNSTAIRS
8856,WALKING_UPSTAIRS
9090,SITTING
9484,WALKING
9595,STANDING
10166,SITTING
9784,SITTING
9540,WALKING_UPSTAIRS
9775,STANDING
7985,STANDING
8693,WALKING_UPSTAIRS
10118,STANDING
9564,WALKING_DOWNSTAIRS
8843,WALKING_DOWNSTAIRS
10165,SITTING
8686,WALKING_DOWNSTAIRS
9473,LAYING
8510,WALKING
8479,LAYING
7427,LAYING
8370,WALKING_DOWNSTAIRS
8652,WALKING
9603,SITTING
7807,WALKING_UPSTAIRS
10064,WALKING_DOWNSTAIRS
7868,SITTING
8332,LAYING
10141,STANDING
8062,WALKING
8972,WALKING
8745,STANDING
9809,SITTING
10190,LAYING
8570,STANDING
9233,STANDING
9525,WALKING_DOWNSTAIRS
9068,STANDING
9050,STANDING
10298,WALKING_UPSTAIRS
10091,WALKING_UPSTAIRS
7901,WALKING
8650,WALKING
7418,LAYING
8160,SITTING
9521,WALKING_DOWNSTAIRS
7847,SITTING
7740,WALKING
8282,STANDING
7779,WALKING_DOWNSTAIRS
7533,STANDING
7865,SITTING
8171,LAYING
8554,STANDING
8064,WALKING
9358,WALKING_DOWNSTAIRS
7481,WALKING_DOWNSTAIRS
9606,SITTING
8124,STANDING
10006,LAYING
10171,SITTING
8988,WALKING_DOWNSTAIRS
7484,WALKING_DOWNSTAIRS
8771,SITTING
7884,LAYING
7646,WALKING_UPSTAIRS
8885,STANDING
7399,SITTING
10085,WALKING_UPSTAIRS
10292,WALKING_UPSTAIRS
10163,SITTING
7744,WALKING
9350,WALKING_UPSTAIRS
8610,LAYING
7421,LAYING
9987,LAYING
8791,LAYING
10291,WALKING_UPSTAIRS
7763,WALKING
9673,WALKING
10264,WALKING_UPSTAIRS
8787,LAYING
8335,LAYING
8727,STANDING
7612,WALKING_DOWNSTAIRS
10169,SITTING
7848,SITTING
7802,WALKING_UPSTAIRS
7696,SITTING
7941,WALKING_DOWNSTAIRS
9166,WALKING_DOWNSTAIRS
8792,LAYING
9286,LAYING
9304,WALKING
9759,STANDING
10084,WALKING_UPSTAIRS
8233,WALKING_UPSTAIRS
8728,STANDING
8796,LAYING
7581,WALKING
8664,WALKING_DOWNSTAIRS
7438,WALKING
10061,WALKING_DOWNSTAIRS
8933,LAYING
8156,SITTING
8260,STANDING
9490,WALKING
8129,SITTING
9535,WALKING_UPSTAIRS
8806,WALKING
8054,WALKING
9697,WALKING_DOWNSTAIRS
9080,SITTING
9426,SITTING
8549,WALKING_UPSTAIRS
8145,STANDING
8580,STANDING
7609,WALKING_DOWNSTAIRS
8560,STANDING
8892,STANDING
8993,WALKING_DOWNSTAIRS
9342,WALKING_UPSTAIRS
10009,LAYING
8559,STANDING
7615,WALKING_DOWNSTAIRS
8867,WALKING_UPSTAIRS
9685,WALKING
8336,LAYING
9739,WALKING_UPSTAIRS
8198,WALKING
8297,SITTING
9683,WALKING
10170,SITTING
10272,WALKING_UPSTAIRS
9971,SITTING
8639,WALKING
8657,WALKING
8869,WALKING_UPSTAIRS
7684,SITTING
8770,SITTING
9174,WALKING_DOWNSTAIRS
7575,LAYING
9104,LAYING
7935,WALKING_DOWNSTAIRS
8092,WALKING_UPSTAIRS
8901,SITTING
9456,LAYING
10000,LAYING
8400,WALKING_UPSTAIRS
10285,WALKING_DOWNSTAIRS
10119,STANDING
8015,SITTING
10203,LAYING
8733,STANDING
8742,STANDING
7515,STANDING
7813,WALKING_UPSTAIRS
8475,LAYING
9300,LAYING
8272,STANDING
9797,SITTING
10209,LAYING
8737,STANDING
7816,WALKING_UPSTAIRS
8522,WALKING_DOWNSTAIRS
9560,WALKING_DOWNSTAIRS
9093,SITTING
9114,LAYING
8016,SITTING
9035,WALKING_UPSTAIRS
10267,WALKING_UPSTAIRS
8186,LAYING
9041,WALKING_UPSTAIRS
8835,WALKING_DOWNSTAIRS
10024,WALKING
10260,WALKING_DOWNSTAIRS
8911,SITTING
8144,WALKING_UPSTAIRS
7917,WALKING
9672,WALKING
8034,LAYING
8373,WALKING_DOWNSTAIRS
7997,SITTING
8734,STANDING
9637,SITTING
9877,WALKING_DOWNSTAIRS
9826,LAYING
8831,WALKING_DOWNSTAIRS
9159,WALKING_DOWNSTAIRS
10185,LAYING
8001,SITTING
8594,SITTING
7361,STANDING
9272,LAYING
10019,LAYING
8749,SITTING
7600,WALKING
9681,WALKING
8912,SITTING
8105,WALKING_DOWNSTAIRS
8109,WALKING
9555,WALKING_UPSTAIRS
10236,WALKING
8071,WALKING_DOWNSTAIRS
10183,LAYING
9222,STANDING
9329,WALKING
8548,WALKING_UPSTAIRS
7899,WALKING
7773,WALKING_DOWNSTAIRS
8360,WALKING
9888,WALKING_DOWNSTAIRS
8880,STANDING
8415,SITTING
9884,WALKING_UPSTAIRS
8419,STANDING
7598,WALKING
8851,WALKING_UPSTAIRS
8061,WALKING
9031,WALKING_UPSTAIRS
9879,WALKING_UPSTAIRS
7761,WALKING
7546,STANDING
9051,STANDING
8204,WALKING
10200,LAYING
9585,STANDING
7849,SITTING
9310,WALKING
8764,SITTING
8921,SITTING
8936,LAYING
8884,STANDING
8630,LAYING
9881,WALKING_DOWNSTAIRS
8891,STANDING
7738,WALKING
9184,WALKING_UPSTAIRS
8920,SITTING
8516,WALKING_DOWNSTAIRS
9113,LAYING
8403,WALKING_UPSTAIRS
7951,WALKING_UPSTAIRS
9234,STANDING
7367,STANDING
9796,SITTING
8542,WALKING_UPSTAIRS
9508,WALKING
9905,WALKING_UPSTAIRS
10293,WALKING_UPSTAIRS
8908,SITTING
9811,LAYING
8651,WALKING
7540,SITTING
7636,WALKING_UPSTAIRS
9842,LAYING
7505,WALKING_UPSTAIRS
7527,STANDING
9210,STANDING
8670,WALKING_DOWNSTAIRS
9424,SITTING
8724,STANDING
10219,WALKING
8991,WALKING_DOWNSTAIRS
9382,WALKING_UPSTAIRS
7861,STANDING
10217,WALKING
9328,WALKING
8427,SITTING
10161,SITTING
7404,SITTING
8627,LAYING
8814,WALKING
9343,WALKING_UPSTAIRS
8878,STANDING
8304,SITTING
7443,WALKING
8342,WALKING
7989,STANDING
8237,WALKING
7577,LAYING
8480,LAYING
8354,WALKING
8758,SITTING
8277,STANDING
8308,LAYING
7700,SITTING
9362,WALKING_UPSTAIRS
7932,WALKING_DOWNSTAIRS
8379,WALKING_DOWNSTAIRS
7992,STANDING
8190,WALKING
9817,LAYING
9939,STANDING
9752,STANDING
9710,WALKING_DOWNSTAIRS
7986,STANDING
8009,SITTING
10269,WALKING_UPSTAIRS
7933,WALKING_DOWNSTAIRS
9947,STANDING
7690,SITTING
9695,WALKING
9847,WALKING_UPSTAIRS
7384,SITTING
9420,STANDING
9191,WALKING_UPSTAIRS
9688,WALKING
8414,SITTING
7915,WALKING
8136,STANDING
8421,STANDING
7686,SITTING
9821,LAYING
10059,WALKING_DOWNSTAIRS
8730,STANDING
9009,WALKING_DOWNSTAIRS
10007,LAYING
9324,WALKING
8048,WALKING
7553,SITTING
7426,LAYING
9863,WALKING
9531,WALKING_UPSTAIRS
8167,LAYING
8449,SITTING
8599,SITTING
7760,WALKING
9648,LAYING
10265,WALKING_UPSTAIRS
9676,WALKING
8535,WALKING_UPSTAIRS
10146,SITTING
10004,LAYING
7466,WALKING_DOWNSTAIRS
7838,STANDING
8820,WALKING
9313,WALKING
9028,WALKING_UPSTAIRS
9837,LAYING
9389,STANDING
9931,STANDING
8236,WALKING
8404,WALKING_UPSTAIRS
8906,SITTING
7392,SITTING
9341,WALKING_DOWNSTAIRS
9662,LAYING
7630,WALKING_DOWNSTAIRS
8184,LAYING
10100,WALKING_UPSTAIRS
8529,WALKING_DOWNSTAIRS
9745,STANDING
7482,WALKING_DOWNSTAIRS
8660,WALKING
9477,LAYING
10181,LAYING
8213,WALKING
8505,WALKING
7912,WALKING
9066,STANDING
8512,WALKING_DOWNSTAIRS
9263,SITTING
7498,WALKING_UPSTAIRS
8947,LAYING
10192,LAYING
9913,WALKING_UPSTAIRS
7513,STANDING
8653,WALKING
9751,STANDING
9102,LAYING
10109,STANDING
7922,WALKING
8416,STANDING
8209,WALKING
9323,WALKING
9612,SITTING
9959,SITTING
7497,WALKING_UPSTAIRS
8586,SITTING
8456,SITTING
9964,SITTING
8003,SITTING
7883,LAYING
7958,WALKING_UPSTAIRS
7413,LAYING
9680,WALKING
7504,WALKING_UPSTAIRS
7799,WALKING_UPSTAIRS
9921,STANDING
8274,STANDING
7518,STANDING
9727,WALKING_UPSTAIRS
8584,SITTING
8069,WALKING_DOWNSTAIRS
7834,STANDING
8929,LAYING
10233,WALKING
9466,LAYING
9339,WALKING_DOWNSTAIRS
8698,WALKING_UPSTAIRS
7537,SITTING
7753,WALKING
9151,WALKING
7937,WALKING_DOWNSTAIRS
9388,WALKING_UPSTAIRS
9679,WALKING
7670,STANDING
9575,STANDING
9379,WALKING_UPSTAIRS
9556,WALKING_DOWNSTAIRS
9960,SITTING
8979,WALKING
8648,WALKING
9641,LAYING
10178,LAYING
10050,WALKING_DOWNSTAIRS
9666,LAYING
8338,WALKING
7692,SITTING
9966,SITTING
8028,LAYING
9711,WALKING_DOWNSTAIRS
8161,SITTING
8244,WALKING_UPSTAIRS
8130,STANDING
9130,WALKING
7386,SITTING
9725,WALKING_UPSTAIRS
7678,STANDING
9497,WALKING
9099,SITTING
9281,LAYING
8123,STANDING
9455,LAYING
10060,WALKING_DOWNSTAIRS
8723,STANDING
8994,WALKING_DOWNSTAIRS
8158,SITTING
10117,STANDING
9039,WALKING_UPSTAIRS
8096,WALKING_UPSTAIRS
10011,LAYING
9352,WALKING_DOWNSTAIRS
9164,WALKING_DOWNSTAIRS
8192,WALKING
8739,STANDING
8793,LAYING
8313,LAYING
7647,WALKING_UPSTAIRS
8039,LAYING
10211,LAYING
7714,LAYING
10017,LAYING
8368,WALKING_DOWNSTAIRS
7921,WALKING
7934,WALKING_DOWNSTAIRS
7380,STANDING
8176,LAYING
9478,LAYING
7353,STANDING
9150,WALKING
9196,WALKING_UPSTAIRS
8607,STANDING
10135,STANDING
9063,STANDING
8080,WALKING
8520,WALKING_DOWNSTAIRS
7530,STANDING
8578,STANDING
8572,STANDING
9052,STANDING
8588,SITTING
9361,WALKING_UPSTAIRS
9312,WALKING
9305,WALKING
9011,WALKING_DOWNSTAIRS
8735,STANDING
9158,WALKING_DOWNSTAIRS
10052,WALKING_DOWNSTAIRS
8328,LAYING
10021,LAYING
9316,WALKING
8141,SITTING
8155,SITTING
9258,SITTING
9061,STANDING
8945,LAYING
10012,LAYING
9994,LAYING
9853,WALKING
7512,STANDING
9204,STANDING
9347,WALKING_UPSTAIRS
7990,STANDING
10127,STANDING
10089,WALKING_UPSTAIRS
7654,WALKING_UPSTAIRS
10232,WALKING
9167,WALKING_DOWNSTAIRS
7916,WALKING
7417,LAYING
7869,SITTING
7832,STANDING
7893,LAYING
8482,LAYING
7455,WALKING
9803,SITTING
7372,STANDING
9849,WALKING_UPSTAIRS
9627,SITTING
9287,LAYING
10206,LAYING
9760,STANDING
7569,LAYING
9870,WALKING
7852,SITTING
9111,LAYING
9411,STANDING
9801,STANDING
7897,WALKING
9386,WALKING_UPSTAIRS
9318,WALKING
8011,SITTING
8763,STANDING
9973,SITTING
9836,LAYING
8711,WALKING_UPSTAIRS
8677,WALKING_DOWNSTAIRS
8420,STANDING
7405,SITTING
9505,WALKING
8531,WALKING_UPSTAIRS
7434,WALKING
7896,LAYING
9247,SITTING
7403,STANDING
7572,LAYING
8551,WALKING_UPSTAIRS
8012,SITTING
8423,SITTING
8530,WALKING_UPSTAIRS
9156,WALKING
8407,STANDING
10134,STANDING
8716,STANDING
7750,WALKING
9413,STANDING
10194,LAYING
9237,STANDING
8075,WALKING_DOWNSTAIRS
7508,WALKING_UPSTAIRS
8975,WALKING
9221,STANDING
8775,LAYING
7435,WALKING
7752,WALKING
7705,SITTING
8288,SITTING
8673,WALKING_DOWNSTAIRS
8992,WALKING_DOWNSTAIRS
8959,WALKING
8506,WALKING
9519,WALKING_DOWNSTAIRS
8761,SITTING
9345,WALKING_UPSTAIRS
8577,STANDING
8713,WALKING_UPSTAIRS
8211,WALKING
8596,SITTING
8140,SITTING
8269,STANDING
9522,WALKING_UPSTAIRS
9043,WALKING_UPSTAIRS
9057,STANDING
9462,LAYING
9219,STANDING
8868,WALKING_UPSTAIRS
7887,LAYING
7375,STANDING
7631,WALKING_DOWNSTAIRS
10259,WALKING_DOWNSTAIRS
10251,WALKING_DOWNSTAIRS
7470,WALKING_DOWNSTAIRS
9307,WALKING
9029,WALKING_UPSTAIRS
9432,SITTING
9537,WALKING_UPSTAIRS
9053,STANDING
9276,LAYING
7616,WALKING_DOWNSTAIRS
10062,WALKING_DOWNSTAIRS
8395,WALKING_UPSTAIRS
9670,WALKING
8102,WALKING_DOWNSTAIRS
8661,WALKING
7900,WALKING
8948,LAYING
7726,LAYING
8468,LAYING
8376,WALKING_DOWNSTAIRS
7574,LAYING
8995,WALKING_DOWNSTAIRS
9176,WALKING_DOWNSTAIRS
8541,WALKING
7747,WALKING
9275,LAYING
9298,LAYING
8534,WALKING_UPSTAIRS
9213,STANDING
7520,STANDING
9494,WALKING
7947,WALKING_DOWNSTAIRS
8455,STANDING
8166,LAYING
10195,LAYING
7467,WALKING_DOWNSTAIRS
9599,STANDING
9991,LAYING
8773,LAYING
9190,WALKING_UPSTAIRS
10261,WALKING_UPSTAIRS
7728,LAYING
8904,SITTING
8769,SITTING
9401,STANDING
7919,WALKING
9989,LAYING
9273,LAYING
8889,STANDING
8805,WALKING
7993,STANDING
9830,LAYING
10279,WALKING_UPSTAIRS
9946,STANDING
7419,LAYING
9769,STANDING
9403,STANDING
10046,WALKING
9996,LAYING
9995,LAYING
10240,WALKING
9314,WALKING
9735,WALKING_UPSTAIRS
7946,WALKING_DOWNSTAIRS
8898,STANDING
7776,WALKING_DOWNSTAIRS
7567,LAYING
8674,WALKING_DOWNSTAIRS
8593,STANDING
8819,WALKING
9883,WALKING_DOWNSTAIRS
9091,SITTING
10065,WALKING_DOWNSTAIRS
7454,WALKING
8063,WALKING
9657,LAYING
9121,LAYING
9808,SITTING
9887,WALKING_DOWNSTAIRS
8568,STANDING
8595,SITTING
7725,LAYING
8762,SITTING
8113,WALKING_UPSTAIRS
9906,WALKING_UPSTAIRS
9636,SITTING
8890,STANDING
8344,WALKING
7826,STANDING
9261,SITTING
9357,WALKING_DOWNSTAIRS
10150,SITTING
8574,STANDING
9364,WALKING_UPSTAIRS
7823,STANDING
8567,STANDING
8302,SITTING
8185,LAYING
8527,WALKING_DOWNSTAIRS
7716,LAYING
8754,SITTING
8953,LAYING
7929,WALKING_DOWNSTAIRS
10051,WALKING_DOWNSTAIRS
8564,STANDING
7810,WALKING_UPSTAIRS
9764,STANDING
9073,STANDING
7354,STANDING
10157,SITTING
9214,STANDING
9798,STANDING
10247,WALKING_DOWNSTAIRS
9748,STANDING
8852,WALKING_UPSTAIRS
8220,WALKING_DOWNSTAIRS
8311,LAYING
7859,SITTING
9481,LAYING
8044,WALKING
8617,LAYING
7557,LAYING
9568,STANDING
9127,LAYING
9337,WALKING_DOWNSTAIRS
9244,SITTING
9910,WALKING_UPSTAIRS
9749,STANDING
7828,STANDING
8008,SITTING
8917,SITTING
8242,WALKING_UPSTAIRS
7562,LAYING
8931,LAYING
9200,WALKING_UPSTAIRS
8603,SITTING
8251,WALKING_UPSTAIRS
8349,WALKING
7554,SITTING
9012,WALKING_DOWNSTAIRS
9170,WALKING_DOWNSTAIRS
8860,WALKING_UPSTAIRS
10073,WALKING_DOWNSTAIRS
9137,WALKING
7727,LAYING
8256,WALKING_DOWNSTAIRS
8325,LAYING
7786,WALKING_DOWNSTAIRS
9327,WALKING
9435,SITTING
8031,LAYING
8103,WALKING_DOWNSTAIRS
9152,WALKING
9609,SITTING
7839,STANDING
8659,WALKING
8359,WALKING
9069,STANDING
7970,WALKING_UPSTAIRS
9228,STANDING
9110,LAYING
8331,LAYING
7547,SITTING
9079,SITTING
7471,WALKING_DOWNSTAIRS
9604,SITTING
9779,STANDING
8788,LAYING
9132,WALKING
8973,WALKING
8613,LAYING
8389,WALKING_UPSTAIRS
8823,WALKING
10037,WALKING
7782,WALKING_DOWNSTAIRS
8910,SITTING
9561,WALKING_UPSTAIRS
8110,WALKING_UPSTAIRS
7472,WALKING_DOWNSTAIRS
7830,STANDING
8741,STANDING
8019,LAYING
8206,WALKING
7653,WALKING_UPSTAIRS
8032,LAYING
9321,WALKING
8731,STANDING
8259,WALKING_DOWNSTAIRS
9920,STANDING
9570,STANDING
9483,WALKING
7885,LAYING
8942,LAYING
10152,SITTING
9630,STANDING
7499,WALKING_UPSTAIRS
8355,WALKING
8757,SITTING
8710,WALKING_UPSTAIRS
8854,WALKING_UPSTAIRS
7860,SITTING
8214,WALKING
8117,STANDING
9633,SITTING
8392,WALKING_UPSTAIRS
9255,SITTING
8405,WALKING
7660,STANDING
7778,WALKING_DOWNSTAIRS
9067,STANDING
9724,WALKING_UPSTAIRS
9407,STANDING
7841,STANDING
7486,WALKING_UPSTAIRS
7710,LAYING
9033,WALKING_UPSTAIRS
8180,LAYING
9844,LAYING
8290,SITTING
10299,WALKING_UPSTAIRS
8406,WALKING_UPSTAIRS
9451,LAYING
8268,STANDING
7697,SITTING
7971,WALKING_UPSTAIRS
10030,WALKING
10235,WALKING
7667,STANDING
8212,WALKING
8465,LAYING
7468,WALKING_DOWNSTAIRS
8091,WALKING_DOWNSTAIRS
9516,WALKING_DOWNSTAIRS
8324,LAYING
9755,STANDING
8873,WALKING_UPSTAIRS
7680,STANDING
9665,LAYING
7672,STANDING
9766,STANDING
8987,WALKING
8587,SITTING
8086,WALKING_DOWNSTAIRS
7641,WALKING_UPSTAIRS
7358,STANDING
7592,WALKING
8797,LAYING
9965,SITTING
8484,LAYING
9045,WALKING_UPSTAIRS
8592,SITTING
9122,LAYING
8776,LAYING
8007,SITTING
10078,WALKING_UPSTAIRS
8816,WALKING
9757,STANDING
8483,LAYING
9178,WALKING_UPSTAIRS
7580,WALKING
8903,SITTING
9486,WALKING
9838,LAYING
9591,STANDING
9182,WALKING_UPSTAIRS
7858,SITTING
8672,WALKING_DOWNSTAIRS
10102,WALKING_UPSTAIRS
9524,WALKING_DOWNSTAIRS
9955,SITTING
9975,SITTING
9723,WALKING_UPSTAIRS
9707,WALKING_DOWNSTAIRS
9036,WALKING_UPSTAIRS
7715,LAYING
10034,WALKING
10205,LAYING
8602,SITTING
8681,WALKING_DOWNSTAIRS
9912,WALKING_UPSTAIRS
9756,STANDING
9332,WALKING_UPSTAIRS
8794,LAYING
10296,WALKING_UPSTAIRS
8196,WALKING
8072,WALKING_DOWNSTAIRS
9827,LAYING
9972,SITTING
8298,SITTING
7829,STANDING
8646,WALKING
8866,WALKING_UPSTAIRS
8135,STANDING
8925,LAYING
8849,WALKING_UPSTAIRS
7974,SITTING
9428,SITTING
8524,WALKING_DOWNSTAIRS
9782,SITTING
8173,LAYING
9266,SITTING
10054,WALKING_DOWNSTAIRS
9165,WALKING_DOWNSTAIRS
9922,STANDING
8690,WALKING_UPSTAIRS
8767,SITTING
8138,STANDING
9608,SITTING
8295,SITTING
7408,LAYING
9774,STANDING
8636,WALKING
9493,WALKING
10244,WALKING_DOWNSTAIRS
7398,SITTING
8426,SITTING
8205,WALKING
7956,WALKING_UPSTAIRS
7962,WALKING_UPSTAIRS
7477,WALKING_DOWNSTAIRS
7840,STANDING
7765,WALKING
9742,WALKING_UPSTAIRS
9071,STANDING
8263,STANDING
9733,WALKING_UPSTAIRS
7833,STANDING
8712,WALKING_UPSTAIRS
9251,SITTING
7843,SITTING
9895,WALKING_UPSTAIRS
9504,WALKING
8874,STANDING
7629,WALKING_DOWNSTAIRS
7502,WALKING_UPSTAIRS
7476,WALKING_DOWNSTAIRS
7573,LAYING
8514,WALKING_DOWNSTAIRS
9596,STANDING
9393,STANDING
10158,SITTING
10002,LAYING
10137,STANDING
9678,WALKING
9295,LAYING
8473,LAYING
7376,STANDING
10270,WALKING_UPSTAIRS
9559,WALKING_DOWNSTAIRS
8963,WALKING
9815,LAYING
9843,LAYING
10225,WALKING
7734,LAYING
8177,LAYING
9353,WALKING_DOWNSTAIRS
10001,LAYING
9126,LAYING
7805,WALKING_UPSTAIRS
7604,WALKING
9772,STANDING
8014,SITTING
8312,LAYING
9988,LAYING
7719,LAYING
10172,SITTING
7652,WALKING_UPSTAIRS
10280,WALKING_UPSTAIRS
8353,WALKING
7737,WALKING
7429,LAYING
9199,WALKING_UPSTAIRS
9652,LAYING
10044,WALKING
7465,WALKING_DOWNSTAIRS
8760,SITTING
7526,STANDING
8197,WALKING
9125,LAYING
10254,WALKING_DOWNSTAIRS
9942,STANDING
9639,LAYING
10076,WALKING_DOWNSTAIRS
9217,STANDING
9948,STANDING
9006,WALKING_DOWNSTAIRS
8157,SITTING
9168,WALKING_DOWNSTAIRS
9442,SITTING
9203,STANDING
7987,STANDING
9283,LAYING
8847,WALKING_DOWNSTAIRS
8280,STANDING
8829,WALKING_DOWNSTAIRS
8326,LAYING
9880,WALKING_DOWNSTAIRS
9668,LAYING
9020,WALKING_UPSTAIRS
10108,STANDING
9616,SITTING
9446,SITTING
8320,LAYING
7632,WALKING_UPSTAIRS
9123,LAYING
8853,WALKING_UPSTAIRS
9311,WALKING
9086,SITTING
10014,LAYING
8821,WALKING
9084,SITTING
7808,WALKING_UPSTAIRS
7365,STANDING
9867,WALKING
7650,WALKING_UPSTAIRS
9773,STANDING
9175,WALKING_DOWNSTAIRS
9062,STANDING
7972,STANDING
8569,STANDING
7447,WALKING
8861,WALKING_UPSTAIRS
9597,STANDING
7368,STANDING
8547,WALKING_UPSTAIRS
7390,SITTING
9981,SITTING
7797,WALKING_UPSTAIRS
10204,LAYING
8239,WALKING_UPSTAIRS
9865,WALKING
9696,WALKING
8397,WALKING_UPSTAIRS
8120,STANDING
9365,WALKING_UPSTAIRS
10136,STANDING
8719,STANDING
8078,WALKING_UPSTAIRS
7908,WALKING
8470,LAYING
7534,STANDING
9968,SITTING
9317,WALKING
9617,SITTING
7613,WALKING_DOWNSTAIRS
9103,LAYING
9117,LAYING
8989,WALKING_DOWNSTAIRS
8148,STANDING
9277,LAYING
8018,SITTING
9081,SITTING
9890,WALKING_DOWNSTAIRS
9404,STANDING
8638,WALKING
7560,LAYING
7422,LAYING
9582,STANDING
9626,SITTING
7771,WALKING_DOWNSTAIRS
8043,WALKING
9515,WALKING_DOWNSTAIRS
7679,STANDING
8453,SITTING
9201,STANDING
8106,WALKING_DOWNSTAIRS
9299,LAYING
8087,WALKING_DOWNSTAIRS
10184,LAYING
9740,WALKING_UPSTAIRS
10074,WALKING_DOWNSTAIRS
7872,SITTING
10015,LAYING
9783,STANDING
8736,STANDING
7999,SITTING
10281,WALKING_DOWNSTAIRS
9004,WALKING_DOWNSTAIRS
8294,SITTING
7694,SITTING
7681,STANDING
8243,WALKING_UPSTAIRS
8265,STANDING
7743,WALKING
10113,STANDING
9092,SITTING
9916,WALKING_UPSTAIRS
9173,WALKING_DOWNSTAIRS
7806,WALKING_UPSTAIRS
7867,STANDING
8960,WALKING
8089,WALKING_DOWNSTAIRS
9109,LAYING
7529,STANDING
9986,LAYING
7412,LAYING
8940,LAYING
9873,WALKING_DOWNSTAIRS
7748,WALKING
8115,WALKING_UPSTAIRS
8689,WALKING_UPSTAIRS
8606,STANDING
8111,WALKING_UPSTAIRS
8283,SITTING
8451,STANDING
8768,STANDING
10234,WALKING
10180,LAYING
9315,WALKING
8725,STANDING
9471,LAYING
8139,STANDING
8798,LAYING
8170,LAYING
9741,WALKING_UPSTAIRS
9495,WALKING
8779,LAYING
10248,WALKING_DOWNSTAIRS
10023,WALKING
7891,LAYING
8643,WALKING
9171,WALKING_DOWNSTAIRS
7556,LAYING
8248,WALKING_UPSTAIRS
10124,STANDING
7981,STANDING
7559,LAYING
8222,WALKING_DOWNSTAIRS
8447,SITTING
8765,SITTING
8202,WALKING
9469,LAYING
7723,LAYING
9967,SITTING
7824,STANDING
7369,STANDING
7514,STANDING
8507,WALKING
8822,WALKING
7881,LAYING
9148,WALKING
8191,WALKING
9014,WALKING_DOWNSTAIRS
8605,STANDING
8780,LAYING
8622,LAYING
9134,WALKING
8864,WALKING_UPSTAIRS
9728,WALKING_UPSTAIRS
8635,LAYING
8361,WALKING
8053,WALKING
10274,WALKING_UPSTAIRS
7724,LAYING
9687,WALKING
8616,LAYING
9649,LAYING
8513,WALKING_DOWNSTAIRS
9131,WALKING
7558,LAYING
9534,WALKING_UPSTAIRS
8329,LAYING
7490,WALKING_UPSTAIRS
9322,WALKING
7801,WALKING_UPSTAIRS
9957,SITTING
9271,LAYING
7401,SITTING
7479,WALKING_DOWNSTAIRS
8685,WALKING_DOWNSTAIRS
8126,STANDING
8695,WALKING_UPSTAIRS
8845,WALKING_DOWNSTAIRS
8258,WALKING_DOWNSTAIRS
9777,STANDING
8179,LAYING
8526,WALKING_DOWNSTAIRS
10224,WALKING
8778,LAYING
8178,LAYING
9463,LAYING
9891,WALKING_DOWNSTAIRS
9848,WALKING
9037,WALKING_UPSTAIRS
8949,LAYING
10099,WALKING_UPSTAIRS
7963,WALKING_UPSTAIRS
10123,STANDING
8934,LAYING
9800,SITTING
9894,WALKING_UPSTAIRS
9054,STANDING
8518,WALKING_DOWNSTAIRS
8056,WALKING
8228,WALKING_DOWNSTAIRS
8108,WALKING_UPSTAIRS
7978,STANDING
9294,LAYING
9520,WALKING_UPSTAIRS
8694,WALKING_UPSTAIRS
7391,SITTING
10201,LAYING
7980,STANDING
8894,STANDING
8916,SITTING
9562,WALKING_DOWNSTAIRS
8575,STANDING
8286,SITTING
8093,WALKING_UPSTAIRS
9919,STANDING
9461,LAYING
7462,WALKING_DOWNSTAIRS
9791,STANDING
7774,WALKING_DOWNSTAIRS
8049,WALKING
7888,LAYING
9804,SITTING
8848,WALKING_DOWNSTAIRS
8425,SITTING
9512,WALKING_DOWNSTAIRS
9729,WALKING_UPSTAIRS
9180,WALKING_UPSTAIRS
8706,WALKING_UPSTAIRS
10098,WALKING_UPSTAIRS
8084,WALKING_UPSTAIRS
8225,WALKING_DOWNSTAIRS
9874,WALKING_DOWNSTAIRS
9762,STANDING
7927,WALKING_DOWNSTAIRS
8132,STANDING
10187,LAYING
10082,WALKING_UPSTAIRS
9306,WALKING
8671,WALKING_DOWNSTAIRS
9541,WALKING_UPSTAIRS
9566,STANDING
8810,WALKING
8371,WALKING_DOWNSTAIRS
8134,STANDING
9731,WALKING_UPSTAIRS
8366,WALKING_DOWNSTAIRS
7625,WALKING_DOWNSTAIRS
8729,STANDING
7528,STANDING
9571,STANDING
8337,LAYING
9162,WALKING_DOWNSTAIRS
8658,WALKING
8707,WALKING_UPSTAIRS
8597,SITTING
9583,STANDING
9692,WALKING
8240,WALKING_UPSTAIRS
7766,WALKING
9675,WALKING
10148,SITTING
8147,STANDING
8738,STANDING
8245,WALKING_UPSTAIRS
8002,SITTING
7820,STANDING
9400,STANDING
7522,STANDING
7936,WALKING_DOWNSTAIRS
9577,STANDING
7722,LAYING
10122,STANDING
9072,STANDING
9356,WALKING_DOWNSTAIRS
8740,STANDING
9429,SITTING
10104,WALKING_UPSTAIRS
9743,WALKING_UPSTAIRS
8004,SITTING
8339,WALKING
9544,WALKING_UPSTAIRS
8497,WALKING
8382,WALKING_DOWNSTAIRS
7588,WALKING
9425,SITTING
7814,WALKING_UPSTAIRS
10257,WALKING_DOWNSTAIRS
